month,selected_return_pct,all_return_pct,outperformance_pct,selected_tickers
2020-02,-15.8471,-19.9694,4.1224,ZM|XYZ|Z|GEN|STE|TMUS|SBAC|TW|TSLA|TEAM|SCI|TYL|SITE|VRT|ZTS|WMS|TTD|SMCI|VRTX|TJX|VICI|VRSK|WEC|TRU|RSG|WST|TT|SNX|SUI|XEL|UBER|TIGO|TTMI|WDC|SJM|STRL|ZS|SWKS|SNPS|SAIA|SPGI|SFM|WING|SO|V|TROW|TXRH|VRSN|TWLO|WM|XYL|VEEV|WTRG|WTW|ULTA|T|WDAY|XPO|WRB|UDR|WPC|SRE|SPOT|TOL|SWK|TTWO|TMHC|TER|TXN|RVTY|TKO|TGT|ZWS|SATS|STT|XP|TRMB|UNH|ZBH|ORLY|TTEK|TMO|SW|STAG|SCCO|ZBRA|STZ|LVS|WAL|VOYA|WMT|URI|TECH|TTC|SSNC|SPXC|RTX|SYY|SBUX|RYN
2020-03,15.9568,16.8505,-0.8937,ZM|GEN|ZS|VRTX|VEEV|SBAC|TYL|WST|TSLA|TEAM|SPGI|WING|STE|SANM|TMUS|WTRG|TTWO|SJM|SFM|SITE|SMCI|SNPS|UBER|XEL|VRSN|ZTS|TECH|SO|W|RYN|UNH|VMC|TER|VRT|XYZ|SW|URI|KNX|TSCO|TJX|UNP|SWKS|UHS|SYK|STAG|STT|WEC|VICI|SLAB|STLD|Z|SUI|SRE|TTC|TRMB|STZ|BG|V|TTD|SAIA|WPC|VRSK|WRB|VZ|TROW|UEC|SEIC|SPXC|WMS|SSNC|SWK|WDC|TRU|SYY|SF|SMTC|SATS|XPO|VST|VOYA|SCHW|STRL|WMB|TRV|SHW|UNM|WTW|TKR|TXT|ZBH|TMHC|USB|WMT|WAL|TW|UDR|RTX|SGI|USFD|SBUX
2020-04,10.4549,8.1647,2.2903,GEN|TSLA|WST|W|WING|UEC|RVMD|TTD|VEEV|SPOT|SAIA|TECH|WMS|ZBRA|WSM|TSCO|SITE|TEAM|URI|SWKS|SNPS|TROW|RVTY|TW|TMO|Z|VLO|SFM|SPGI|WMB|SSNC|KNX|TRU|VST|ZM|TGT|UNH|STT|ZS|SHW|TKO|SLAB|SPXC|SUI|ORLY|TRGP|TWLO|XPO|SGI|TMHC|WYNN|WY|ZWS|SYY|VRSN|TYL|VRT|SMTC|UMBF|WDC|TXN|TTMI|SCCO|WAL|XYZ|VRTX|TER|UNM|UNP|VICI|WBS|SNX|USFD|SYF|UBER|WAB|TFC|SPG|TKR|WELL|YUM|WBD|WPC|V|XOM|ZBH|SBUX|SMCI|ULTA|THC|ZTS|STRL|WCC|VRSK|SW|SSB|SBAC|TEX|TXRH|ZION
2020-05,3.3514,2.3341,1.0172,ZS|TSCO|TW|TYL|VEEV|GEN|SNPS|WSM|KNX|WST|SMTC|SPOT|ZM|TEAM|ZBRA|TWLO|VRSK|VRTX|RVTY|SAIA|SITE|SPGI|SBAC|Z|SFM|WDAY|SWKS|TOL|TECH|XPO|WMS|WING|TGT|URI|TMHC|SHW|TMO|TTWO|ZTS|TER|UNH|STE|TSLA|TMUS|VRT|TRU|TRGP|SMCI|SNX|W|SGI|UBER|WCC|XP|SW|WAL|ULTA|SCCO|ZWS|VST|XEL|VZ|UPS|UNP|ORLY|WAT|TTC|WM|RSG|TROW|VICI|STLD|V|TT|SPXC|VRSN|TRV|WTRG|TXT|XYZ|TKR|WTW|STAG|WBS|TTEK|TXN|WRB|TRMB|VNOM|WEC|YUM|UMBF|TTD|WMB|ZION|SYF|WAB|SJM|WMT|SYK
2020-06,7.2228,5.5966,1.6262,SPOT|WING|TSLA|ZM|SFM|WST|XYZ|TSCO|TER|TTD|SNX|SNPS|VEEV|TWLO|UPS|ZS|SPGI|TMUS|TMO|SWKS|VRTX|SITE|SAIA|VRSK|W|WMS|SCCO|KNX|SW|TECH|VRT|TEAM|TXN|TYL|WDAY|SMCI|TKR|TGT|STAG|TTWO|SBAC|SHW|SWK|ORLY|XP|TROW|WM|ZTS|WSM|ZBRA|SMTC|UNH|WTW|SPXC|TRMB|TRU|SGI|VRSN|URI|RVTY|UNP|TTMI|V|XPO|Z|TTEK|RSG|TOL|SLAB|TW|ZWS|STE|SEIC|WWD|STT|TMHC|SSNC|GEN|STRL|STZ|TXRH|WMT|WPC|WY|TEX|VZ|WMB|RYN|TT|TRGP|WCC|WTRG|TRV|WEC|YUM|VTR|VMC|FLS|T|VOYA
2020-07,6.2503,6.3284,-0.0781,W|UPS|WING|ORLY|RVTY|WST|SWKS|SHW|SITE|VRSK|TMO|ZTS|TT|TTWO|TWLO|WY|VEEV|XYZ|STAG|ZBRA|ZS|Z|TTEK|TROW|TER|TSCO|TGT|THC|XEL|SMCI|SCCO|TTD|SCI|SPGI|TSLA|WEC|SMTC|SGI|SBAC|SFM|VRT|TOL|SNPS|WSM|SANM|GEN|SUI|TECH|TMUS|RYN|RSG|SWK|ZM|XP|TXRH|SNX|WTW|WMT|STE|KNX|TMHC|TTMI|SAIA|WMS|UHS|TYL|WTRG|SPOT|TTC|ZBH|WPC|TRMB|VZ|TRU|URI|SSNC|WAT|WM|VICI|TIGO|SW|UNH|TXN|VTR|TXT|SPXC|XYL|BG|VRSN|WAB|WRB|SJM|VOYA|TEAM|TKR|YUM|UNP|STRL|SYK|STLD
2020-08,-1.2369,-2.2616,1.0247,TSLA|WDAY|ZM|ZS|WMT|SNPS|Z|XYZ|WST|VEEV|SCCO|ZTS|SJM|TMO|TMUS|UEC|UPS|SAIA|V|TGT|TRMB|GEN|WY|TXN|TEAM|SHW|SSNC|SPOT|TROW|SPGI|TWLO|URI|UNP|TTD|SBUX|RSG|XP|ZBRA|TT|WING|SWK|TSCO|RVTY|RYN|TKR|VRSK|VZ|KNX|SWKS|ORLY|TTWO|SW|TXRH|WCC|XYL|WMS|TTC|VRT|WM|TXT|TOL|XPO|W|ULTA|SMTC|STAG|VRTX|SGI|SNX|UNH|YUM|TTEK|WWD|ZBH|STRL|SCI|SITE|VOYA|LVS|WTW|UBER|USFD|VRSN|STT|WEC|XEL|STZ|SYK|THC|VFC|WAT|TW|SUI|RVMD|TER|WSM|SLAB|WAB|SYY|STLD
2020-09,-1.0918,0.0537,-1.1455,Z|TGT|STE|WMS|SNX|TTD|RVTY|TTC|ZTS|TOL|ZM|UPS|XYZ|SPXC|SHW|SW|TMO|TTEK|TT|VEEV|WMT|RVMD|SWKS|ZS|VRT|UNP|XYL|TXN|RSG|VMC|URI|SWK|UBER|TW|SBAC|W|TSLA|SYK|TMUS|SBUX|STRL|VRSK|SNPS|ORLY|SGI|TSCO|WEC|SAIA|SPGI|WTW|SITE|TTWO|UNH|TWLO|TKR|SJM|WST|SCCO|VZ|VICI|XEL|WY|WSM|WDAY|TRMB|TYL|SYF|TROW|TMHC|WM|WCC|TEAM|VFC|TJX|SSNC|SCHW|TXRH|ZWS|ZBH|STZ|TER|V|SYY|SO|BG|VRTX|TECH|SMTC|THC|SF|SMCI|VTR|GEN|SCI|TTMI|SANM|WRB|XPO|STAG|ULTA
2020-10,15.2398,16.872,-1.6322,TT|SCCO|SAIA|BG|TPR|RVTY|TMO|UMBF|WAT|SCHW|SCI|TKR|TXRH|WAL|SSB|SF|SHW|VMC|WEC|TYL|XYL|ZWS|TXN|STE|WBS|ZM|WMS|TEX|VRT|TTD|TTEK|SBUX|TER|TEAM|SO|TRV|TTC|TGT|SGI|STLD|SW|XPO|ZBRA|SWK|WMT|UPS|URI|TFC|TXT|XEL|STRL|WDAY|SNPS|TWLO|ZTS|SLAB|XYZ|Z|TRMB|USB|WST|LVS|SRE|TSLA|SPOT|GEN|TMUS|WSM|ZION|ZS|VICI|SMTC|YUM|SJM|SNOW|UNH|VEEV|SWKS|FLS|SITE|TECH|SSNC|TOL|UHS|RVMD|STAG|SYK|UNM|TTMI|VZ|TW|TAP|RSG|SNX|WMB|TRGP|VRSK|WWD|UBER|UNP
2020-11,5.547,5.005,0.5421,TGT|SCCO|TTD|TSLA|XYZ|TER|ZBRA|TMUS|WMT|TYL|SAIA|WSM|TEAM|TXN|SNX|WBD|TRMB|RVMD|TKR|URI|SCHW|TIGO|TTC|TT|WCC|UBER|TTWO|TWLO|XPO|VNOM|SPXC|TAP|WMS|WWD|ZS|ZM|UAL|XYL|VRT|YUM|STLD|SHW|SW|SSNC|TPR|SMTC|SF|SBUX|TRGP|SPOT|SNOW|TJX|TTEK|TEX|TTMI|SLAB|BG|VOYA|TXRH|SWK|WFC|STE|ZWS|UPS|STZ|ULTA|RTX|VFC|USFD|WDC|TECH|SYK|UMBF|TXT|RVTY|WAB|TSCO|WTRG|WYNN|SYF|WAL|SGI|SANM|WAT|TROW|SLB|VICI|Z|UNP|SCI|TSN|VRSK|UEC|SPGI|SPG|SITE|WBS|UNM|VZ|SNPS
2020-12,-1.1251,-0.4318,-0.6933,TTWO|WMS|TSLA|SCCO|SNPS|SBUX|TTC|VRSK|SSNC|TRMB|SITE|WCC|TER|WBD|WDC|UEC|TPR|ZS|XYL|XPO|SYK|BG|TMUS|STZ|TKR|SW|SCHW|WY|ZBRA|VTRS|YUM|SLAB|SMTC|TYL|SYF|RVTY|ZWS|TJX|TTMI|TGT|TRV|ULTA|WAT|TROW|TXN|V|SAIA|UNH|TKO|WWD|WAL|TT|TECH|XYZ|UNP|SMCI|TRU|LVS|VOYA|TXT|SF|SGI|STRL|TXRH|Z|WTRG|STE|ZBH|USB|SNX|SO|TWLO|ZTS|THC|URI|WST|TEX|SPXC|VST|UBER|VMC|SUI|TEAM|TTEK|GEN|UHS|VRSN|STLD|ZION|WFC|SCI|UMBF|WYNN|SHW|SWKS|SPOT|STT|WBS|WDAY|TRGP
2021-01,7.7771,7.4609,0.3163,WBD|WSM|TKO|SWKS|SFM|TOL|VRT|WDC|SW|WST|TROW|WAT|THC|WING|TSLA|TMO|TXN|TAP|WAL|SCI|XP|SCCO|SLAB|SF|TTWO|TYL|SPG|ZS|TGT|RYN|RVTY|SJM|SNPS|TTC|BG|URI|TEAM|ZBRA|XYZ|GEN|TTEK|TECH|WCC|TWLO|SMTC|TKR|WBS|TTD|WMS|SITE|TRMB|STRL|TT|TEX|RVMD|TPR|UEC|SAIA|Z|STE|UNM|TER|UMBF|TMUS|VNOM|UBER|WTRG|STZ|VICI|SNX|TRV|T|SGI|UDR|SYF|WMB|TJX|SMCI|TXRH|ZBH|SWK|W|ULTA|SCHW|TRGP|SPOT|XOM|WDAY|XYL|VST|TSCO|WY|XPO|TXT|SYY|UGI|ZION|UNP|VMC|SBUX
2021-02,3.7455,4.0123,-0.2668,WAL|WBS|SF|WMS|TPR|ZBRA|WBD|VLO|TW|UMBF|WYNN|SGI|URI|XOM|TXRH|ZION|UAL|VMC|SCHW|SLB|TFC|SPG|STRL|BG|SBUX|VICI|TTC|SLAB|WDC|LVS|TEX|TRMB|SYF|UNM|SYY|STLD|ULTA|ZBH|USB|TYL|SANM|TRGP|SCCO|TKR|ZWS|TROW|VTR|TTEK|VOYA|THC|UEC|RYN|VRT|TT|WAT|TRV|WMB|WSM|WFC|VNOM|SMCI|WRB|SAIA|TOL|TTMI|SNX|WFRD|USFD|WCC|TXT|TSCO|V|SW|SYK|TECH|TWLO|WY|SWKS|WELL|TXN|Z|SPXC|TKO|STAG|SUI|ZS|WTW|W|SITE|XYL|TEAM|SSB|XPO|XYZ|UGI|UNH|TER|UNP|TSN|TGT
2021-03,5.5778,4.8716,0.7062,WSM|SNX|WM|SFM|STLD|TGT|USB|ORLY|SANM|SWK|KNX|SMCI|URI|TSCO|STT|UNH|TXN|WAT|UEC|SAIA|WRB|TXT|WPC|RSG|UGI|STAG|TRMB|TAP|TT|T|TEX|TSN|TTMI|VMC|UAL|TXRH|SJM|UMBF|VOYA|SO|UNP|WTW|BG|TFC|SF|SRE|STRL|ZBRA|TOL|UNM|VICI|WAL|SCI|XYL|SPG|WFC|UPS|SCHW|WELL|RTX|SYF|WAB|TTC|SPGI|WMB|UDR|TROW|SWKS|USFD|SGI|WY|TECH|WMS|TTEK|WEC|TMHC|SHW|STE|ZION|SYK|SEIC|TW|RYN|SBUX|THC|ZWS|TRV|WDC|TRGP|VTR|TPR|SPXC|TER|XOM|SITE|XEL|YUM|XPO|VRT|VZ
2021-04,2.1941,1.9325,0.2616,UPS|VICI|WTW|TXT|ORLY|SUI|YUM|THC|TXRH|WM|SO|VNOM|SPGI|WST|STAG|RTX|TRU|WFC|STLD|SHW|SCHW|ZBH|WPC|WY|VRT|SPG|SYF|USFD|USB|RSG|TW|UNH|ZTS|SSNC|STE|VRSN|SYY|XPO|V|TPR|UHS|TRGP|WING|UMBF|TTC|RYN|SYK|TSCO|UGI|T|TOL|XYL|TGT|TAP|WAL|VOYA|SRE|TECH|UDR|VFC|BG|WRB|SJM|TT|XEL|WMB|TJX|WDC|SWK|VMC|SSB|SF|SNX|WELL|XOM|TROW|SBAC|SCI|SLB|ZWS|TFC|WAT|WCC|TIGO|SEIC|VLO|WEC|WWD|STT|VTR|STZ|TRMB|SBUX|ZION|TTMI|WYNN|TSN|ULTA|SITE|TEX
2021-05,-1.5552,0.2735,-1.8287,WST|RTX|VRT|TGT|UHS|GEN|TXT|THC|WAT|UGI|TT|TW|XYL|TIGO|UPS|SPG|WMB|SYF|TOL|UDR|TMUS|TRGP|WTW|SWK|STLD|SHW|TAP|UNH|SCHW|ZS|WCC|SUI|SNX|RYN|UNM|XPO|RSG|WFC|TRU|ZTS|YUM|ULTA|UAL|TROW|SOFI|WM|RVTY|WAB|WTRG|TEX|WPC|SGI|STT|VEEV|USB|WWD|SBUX|SBAC|WELL|VLO|VNT|TFC|SANM|SW|URI|UEC|UNP|WMT|TXN|WDC|TXRH|STZ|STAG|TSN|VICI|BG|SLB|VNOM|SNPS|TRV|TTWO|TKR|TTMI|FLS|TECH|SPGI|WYNN|SJM|SSNC|WSM|WRB|TER|VTR|VRSN|VMC|TTC|WY|SSB|SO|SF
2021-06,2.0854,0.4958,1.5897,ORLY|TGT|VRT|SLAB|TTD|SWKS|WST|SPGI|WELL|TROW|TMO|WAT|WMS|SNPS|ZBRA|TWLO|ZTS|RVTY|ZM|XYL|TYL|SBAC|RSG|ZS|STE|VEEV|TECH|TRU|WING|VRSN|TT|TXT|TRMB|ULTA|TSLA|TSCO|RYN|TTC|UPS|WFC|STAG|WM|TER|UGI|XOM|GEN|UNH|V|XYZ|TW|STRL|TEAM|TMUS|WMB|SYF|SGI|VST|SUI|TRGP|SPOT|SCI|SMTC|WFRD|WMT|ZWS|TXN|UDR|STZ|THC|TEX|SW|Z|SNX|SYK|VTR|SPG|TPR|WCC|VNOM|SWK|VMC|SCHW|WAB|SHW|STLD|TJX|SPXC|VICI|URI|SF|TXRH|USB|RTX|SBUX|WDC|W|WRB|VFC|UMBF|SLB
2021-07,1.8898,2.6058,-0.716,RVTY|SCI|WST|YUM|SUI|TRU|TEAM|RSG|STAG|WAT|TT|WM|ZWS|UDR|TGT|TMO|SSNC|SPGI|STLD|SBAC|SHW|ZTS|STE|TYL|UHS|WPC|XYL|SGI|VRT|ORLY|TECH|SYK|SNPS|ZBRA|SPXC|SAIA|WING|ZS|VEEV|TTEK|WCC|TRMB|SMCI|SBUX|THC|WMS|V|WAB|WELL|TROW|ZM|TTD|UMBF|RYN|RTX|TOL|STT|TXT|KNX|WTRG|TW|VTR|URI|TMUS|VMC|TEX|WFC|TTC|SO|VRSK|SLAB|UNH|WFRD|VOYA|TXN|FLS|BG|SYF|TSLA|SNX|TMHC|TRGP|VNOM|TKR|SPG|VST|UGI|SF|SCCO|SANM|SJM|WMT|TPR|SNOW|SLB|WWD|TJX|ZBH|WMB|ZION
2021-08,-3.9421,-3.897,-0.0451,ZS|SNPS|ULTA|WSM|WAT|XYL|RSG|TRMB|WM|WDAY|SUI|WST|TEAM|SBAC|VRSK|TROW|TTEK|STAG|VNT|ZWS|TECH|SHW|SITE|WAB|ZBRA|RVTY|SNOW|TRU|SYK|SMTC|TMO|TOL|STT|KNX|VRT|SGI|WELL|THC|SPGI|VEEV|TSLA|UDR|WCC|TYL|SO|SCI|ZION|XP|TSCO|YUM|UEC|SLAB|ZTS|WMT|SNX|URI|TT|WTRG|TRV|TXT|VST|TRGP|STE|TJX|SBUX|WY|WING|SATS|SEIC|SYY|VICI|SANM|SPG|VNOM|TSN|ORLY|TW|SF|SAIA|XYZ|TXRH|SWKS|GEN|TXN|VMC|TKO|WPC|SYF|STRL|TGT|TEX|SMCI|SCHW|STLD|APP|UHS|TTD|USB|WFRD|XPO
2021-09,7.8623,6.84,1.0224,VNOM|WAL|TRGP|ZION|ZWS|WFRD|TSLA|WBS|SSB|UMBF|TTEK|TSN|WMB|TEAM|BG|XOM|TFC|USB|TSCO|TMO|VLO|SMTC|TKO|ORLY|VRSK|WCC|SLB|URI|SITE|SGI|RSG|UEC|SYY|SCHW|RTX|SCI|UDR|KNX|WM|ZS|WFC|WST|WSM|SF|SYF|UBER|WTW|SAIA|UAL|SUI|TXT|STRL|USFD|YUM|SNOW|WY|TXN|RVTY|TECH|SMCI|SPG|WAB|SNPS|STAG|STT|WRB|VOYA|SPGI|SOFI|ZTS|VTR|SATS|VNT|ULTA|SANM|TAP|SFM|SHW|UNM|STLD|TXRH|TYL|XYL|WING|TRU|WMS|SO|TRV|TTWO|SEIC|GEN|WDAY|VRT|SYK|SBAC|APP|RYN|WELL|TROW|TIGO
2021-10,-2.9528,-2.8389,-0.1139,TSLA|SLAB|SAIA|TYL|UNH|BG|TEAM|UPS|TTEK|ZS|SHW|SCI|SITE|TMO|TER|SPGI|ZTS|RSG|SSNC|SPOT|UNP|TKO|SNPS|TSCO|KNX|SMTC|WDAY|WCC|SPG|XOM|WFRD|TMHC|SNOW|TROW|TW|TGT|ZWS|STT|URI|TECH|STRL|STAG|VOYA|APP|TFC|WMT|TRGP|SCHW|VMC|STE|UEC|WFC|XYL|WMB|WM|WAL|VRT|VRSK|THC|WST|STLD|UDR|TTWO|TRV|WRB|VRSN|VLO|VST|SSB|TRMB|XPO|SOFI|WAB|SF|WSM|TSN|SBAC|Z|SEIC|TXT|WTW|SLB|SUI|WAT|ZION|WBS|RTX|VNOM|ORLY|ZBRA|WING|TOL|USB|WPC|WMS|VEEV|UMBF|RVTY|RYN|RVMD
2021-11,4.6227,4.4859,0.1368,SHW|TER|TW|ZS|VRSN|TTEK|TSCO|VRSK|ZTS|TSLA|UDR|TMO|SLAB|STAG|SFM|SITE|SAIA|TTD|KNX|ZBRA|UNH|ORLY|WST|RSG|SNPS|SJM|SPG|WM|SCI|UNP|RVTY|SMTC|WMS|WFRD|TOL|ZWS|SMCI|STZ|TMHC|WY|UEC|VNOM|TYL|TXN|STRL|VST|TRGP|SPGI|ZION|UMBF|SBAC|ULTA|WSM|RYN|SSNC|WDAY|VMC|WAL|BG|SSB|TJX|XOM|WMB|SNOW|WDC|SATS|WPC|TGT|TT|THC|WCC|TRMB|SW|TSN|SCHW|UPS|WBS|WFC|APP|SF|WAB|VRT|TPR|TFC|WRB|GEN|SGI|VRTX|STE|WTRG|TEAM|SBUX|WTW|TTWO|TTC|SCCO|TTMI|SUI|TRU|TWLO
2021-12,-8.473,-6.2822,-2.1908,SFM|STAG|SBAC|YUM|ORLY|ZTS|SHW|UNH|RVTY|TSCO|WTRG|STZ|SO|VST|SCI|WPC|BG|TW|RSG|TOL|TMO|SUI|VRSN|WY|UNP|TSN|WST|THC|UDR|WM|SITE|KNX|RYN|TMHC|TECH|WDC|SAIA|TER|STE|SPG|WAT|SJM|TYL|SNPS|TTMI|TT|WEC|VICI|WMS|WCC|TJX|SLAB|SSNC|ULTA|VMC|ZWS|WRB|VRSK|SMCI|UPS|TXT|ZBRA|TSLA|SCHW|VLO|WAB|VRTX|SANM|SRE|TTEK|SMTC|XEL|UGI|SPGI|SGI|SNX|WELL|ZS|UMBF|VOYA|SBUX|STRL|TRGP|WMT|WFRD|GEN|TRU|STT|TGT|TTWO|WBS|SPXC|TEAM|WING|SWK|APP|ZION|TRMB|SYY|STLD
2022-01,-0.439,-0.9178,0.4788,XOM|SLB|VRTX|WMB|VNOM|SO|BG|TRGP|SRE|VLO|TSN|ZION|WY|SF|XEL|VTRS|WRB|SJM|WFRD|V|WFC|RTX|WEC|TJX|TRV|SCHW|XP|SSB|UNH|WELL|TFC|WTW|VST|UGI|WTRG|USB|WPC|VTR|TEAM|VICI|WSM|SSNC|STZ|LVS|UDR|VZ|GEN|UNP|STAG|ORLY|WBD|STT|SYY|TSCO|USFD|KNX|TXRH|SW|T|WST|SPG|VOYA|UNM|TMHC|ZBRA|WBS|SCCO|VMC|SMCI|SANM|ZS|YUM|TTC|URI|SUI|TPR|RSG|WDAY|SFM|ULTA|WMS|UHS|FLS|SNPS|TTD|TXN|TMO|WCC|RVTY|WING|RYN|SBAC|UPS|SAIA|SEIC|TAP|TYL|WAB|UAL|TOL
2022-02,2.7145,1.2331,1.4814,RTX|TRGP|WMB|BG|VNOM|SRE|VST|XOM|STLD|TKO|TAP|UHS|UEC|WWD|SYY|GEN|STE|THC|SSB|SCCO|WRB|TXRH|TRV|SLB|RYN|TXT|UNH|USFD|TSN|WPC|SYK|ZION|XEL|VTR|WTRG|VRTX|STRL|SO|WELL|VLO|TTD|WY|UNM|SNPS|SAIA|TTEK|UDR|UNP|TPR|XYZ|KNX|SFM|ZBH|UPS|VZ|SANM|RVTY|TMUS|WBS|UMBF|WEC|TW|SCI|WAB|SJM|TFC|WFC|WST|ORLY|ZWS|XPO|SCHW|TER|TECH|TMHC|ULTA|SMCI|SBAC|SSNC|WMS|TSLA|WCC|VICI|SEIC|VOYA|ZTS|SF|USB|WM|VRSN|RSG|V|URI|YUM|VEEV|STAG|TJX|WTW|TOL|WDAY
2022-03,-6.8369,-8.1473,1.3104,SRE|TRGP|WRB|VLO|VRTX|WELL|SO|VTR|WMB|TSLA|UNM|VST|UNP|STLD|TKO|WMT|XEL|WEC|TRV|FLS|WPC|WFRD|WTRG|VRSK|XOM|UNH|BG|RSG|SCCO|RVMD|VNOM|WM|TAP|TTMI|STE|TSCO|UAL|SLB|SCI|SJM|RYN|TMO|SBAC|UDR|URI|RTX|SNPS|TSN|WAB|WWD|WTW|SFM|ULTA|V|STAG|ZWS|TTEK|VICI|WCC|TMUS|WST|ZBH|TXT|STZ|UPS|USFD|SYK|VRSN|UHS|SYY|UEC|TXN|VEEV|THC|ZS|VMC|TOST|ORLY|SEIC|XYZ|VRT|TRU|UBER|VOYA|SCHW|STT|SPGI|VNT|TEAM|TTD|ZION|TYL|TIGO|SUI|SPG|TW|SATS|VTRS|SNOW|SSB
2022-04,0.7946,0.045,0.7496,VLO|VST|VRTX|WM|WRB|WMB|XOM|RYN|RSG|STLD|WY|SANM|SHW|UAL|SRE|VICI|WDC|TRGP|WMT|STZ|SO|XEL|BG|TAP|SMCI|UNH|SYY|WEC|SBAC|WPC|UNM|TSN|TXT|ULTA|SCI|VNOM|WCC|USFD|WAB|TTMI|TRV|WELL|UEC|TKO|SJM|T|VRSK|SFM|SLAB|TGT|V|WFRD|SLB|UNP|WAT|RTX|TMUS|GEN|TMO|VNT|URI|SNX|VTR|TXRH|SNPS|SSB|VRT|TYL|KNX|TXN|TOST|UBER|VMC|SAIA|WBS|SATS|TTEK|THC|TMHC|SGI|STE|SW|SYF|ZWS|TER|SUI|TSLA|VTRS|TOL|TJX|SMTC|TPR|TEX|SEIC|WWD|UDR|LVS|TTD|TRMB|WAL
2022-05,-9.4499,-9.688,0.2381,TKO|VNOM|VLO|WMB|WRB|XOM|SLB|T|UGI|VST|SO|VTRS|ULTA|STLD|WPC|WFRD|WEC|UNM|VRTX|BG|SRE|TRV|VICI|XEL|SANM|TRGP|RSG|VOYA|TAP|WAB|WELL|SNPS|SCI|RYN|STZ|WDC|YUM|TMUS|UNH|VTR|SEIC|WM|SMCI|SPXC|SLAB|WY|TXN|USB|SATS|TMO|SFM|TTMI|ORLY|SCHW|SNX|TJX|SSB|SBAC|VZ|UAL|RTX|WSM|SYY|TOL|ZM|WCC|WFC|SMTC|TPR|UEC|WAT|TSLA|TMHC|V|ZWS|STE|TSN|ZION|WAL|TTEK|FLS|STRL|URI|UMBF|WTRG|SHW|TRU|STT|SCCO|SYF|WMS|WBS|LVS|WTW|SUI|TER|TXRH|UPS|TRMB|TSCO
2022-06,9.0508,10.9924,-1.9416,UNH|VRTX|T|WEC|WRB|SYY|SCI|UNM|XEL|SO|RSG|TAP|RTX|WM|TTEK|WPC|TKO|TMUS|SPXC|SRE|TRV|WMB|TSN|WAT|VICI|XOM|VEEV|SJM|ORLY|USFD|VLO|WTRG|VST|RVMD|VNOM|ZTS|LVS|SANM|TMO|UGI|SNOW|STZ|VTR|SSB|SBAC|SNPS|VRSK|VZ|ZWS|VOYA|RYN|UNP|TRGP|YUM|SFM|TXT|UPS|KNX|ULTA|UDR|WELL|TEAM|SLAB|SLB|SUI|BG|TSCO|SMCI|SBUX|SAIA|TMHC|STE|TXRH|WCC|WMS|WWD|SCHW|SPGI|WYNN|WST|V|WFC|TYL|TOL|WMT|VRSN|SEIC|SITE|XYL|WY|TTMI|APP|TFC|ZS|WAB|FLS|TT|STLD|ZM|XPO
2022-07,-3.8653,-3.3665,-0.4988,TKO|SNPS|VICI|WMS|WING|XOM|VNOM|WTRG|TAP|SMCI|SRE|SSB|WPC|SO|TKR|URI|SANM|SPXC|ORLY|KNX|SCI|STRL|FLS|VST|WAT|TTEK|UNH|TRGP|UGI|TMO|UEC|XYL|TXN|TMUS|WMB|RSG|WM|SAIA|TSLA|WCC|WAB|TRMB|XPO|STLD|VEEV|TMHC|TYL|WST|VLO|SMTC|WEC|SGI|VNT|UPS|SLAB|STE|WWD|YUM|SCHW|THC|XEL|WSM|TXRH|ZBRA|TEX|TT|UNP|TTMI|RVTY|SLB|TSN|TECH|VMC|SPGI|SITE|STT|SBUX|SNX|XP|WFRD|TFC|VRSK|WELL|VRT|SW|VTR|TTC|SYK|TXT|VRTX|ZION|WFC|SBAC|STZ|SPG|TOST|TTWO|SPOT|UNM|ZTS
2022-08,-7.4957,-9.4662,1.9704,UEC|SNOW|WFRD|SMCI|ULTA|SJM|RSG|WM|UNM|SRE|SO|ORLY|SANM|WMS|TOST|TMUS|XOM|STLD|VICI|VLO|TXRH|VNOM|TT|XEL|TTMI|TKO|VRTX|WRB|WCC|BG|WSM|VST|STZ|UPS|WEC|UNH|SLB|SFM|WMB|TRGP|WDAY|WPC|SNPS|UBER|SCHW|TTD|WMT|VRSK|WING|TEAM|WTRG|WBS|LVS|SBUX|UNP|SPXC|TKR|STRL|VMC|WFC|ZION|WTW|TPR|VOYA|KNX|TSLA|SBAC|TJX|XYL|SSB|SYY|RVMD|TRV|URI|UMBF|STT|SEIC|RTX|TAP|TGT|ZS|TYL|TW|STE|VRT|WAB|VEEV|VRSN|TXN|TTC|TMO|TEX|SPGI|TTWO|WAL|SYF|TSCO|USFD|TTEK|TXT
2022-09,10.5761,9.3625,1.2136,WFRD|TKO|ORLY|UNM|VRTX|TXRH|SANM|VLO|VNOM|LVS|SMCI|SCHW|TTC|WMS|SJM|TJX|TTD|SPXC|WYNN|SFM|WRB|ULTA|WING|KNX|VMC|RVMD|SSB|WCC|XOM|TMUS|SLB|STLD|WMT|SNPS|SAIA|TKR|UEC|UNH|RSG|VOYA|SBUX|WM|ZS|STZ|URI|TTMI|TRGP|TT|WBS|TSLA|SLAB|VICI|TYL|XP|WTW|TSCO|SNOW|TAP|VRSN|TTEK|XYL|WDAY|TMHC|SCCO|SW|SCI|UBER|SRE|TEX|SGI|TOL|WFC|WMB|BG|WAB|TXN|STRL|SYK|XPO|SMTC|VEEV|RTX|TOST|ZBH|TWLO|VRT|TEAM|TRV|SATS|SO|TMO|TGT|SPG|WSM|GEN|VRSK|TXT|ZM|THC|ZWS
2022-10,7.0235,6.2001,0.8233,WFRD|ORLY|UNM|XOM|SMCI|TKO|SJM|TTC|WRB|TEX|WING|SLB|TRV|SANM|TMUS|TJX|STLD|WBS|TXRH|STRL|SCHW|SSB|UNH|VOYA|UHS|TKR|SYY|SPXC|TSCO|T|TOST|UAL|VNOM|SF|VRTX|XYL|BG|TTMI|V|STZ|VRT|RTX|TT|STT|VRSN|VLO|WCC|WMB|SYF|SEIC|SFM|ULTA|TXT|WMT|SPG|SYK|WAB|WTW|VICI|URI|WFC|VTRS|YUM|STAG|VST|VRSK|FLS|SRE|WPC|WTRG|TAP|UEC|RVMD|USFD|TRGP|VMC|UGI|SHW|TMHC|SATS|XEL|ZBH|TTEK|SNX|WWD|WEC|XPO|WAT|WYNN|SITE|LVS|TRMB|SBUX|TGT|GEN|SPGI|TPR|ZION|TER|SUI
2022-11,-3.8242,-4.8356,1.0114,SMCI|SJM|WTW|ULTA|ORLY|TRV|YUM|TJX|SANM|WYNN|USFD|LVS|SFM|TKO|STLD|WMT|STRL|WRB|SBUX|UHS|TEX|VICI|WAT|TTC|TMHC|SEIC|T|RVMD|RTX|TAP|WFRD|SRE|TKR|SCCO|TT|V|XYL|ZBH|WAB|SCHW|TPR|TSCO|WING|UNH|XPO|STT|BG|URI|SCI|STZ|SYY|KNX|UAL|TXRH|WMB|XOM|WBS|UNM|SYK|TXN|UPS|WM|WFC|SPG|VMC|VRTX|TXT|SNX|TMUS|WEC|VTRS|Z|SNPS|SGI|TRGP|VLO|WTRG|RSG|SLAB|VTR|SLB|VST|TOL|XEL|SHW|TTMI|TMO|VRSN|SAIA|SPGI|SW|VNOM|SYF|TTEK|WDAY|SSB|WELL|STE|VEEV|SPXC
2022-12,7.394,11.4639,-4.0699,WFRD|SJM|TTC|ULTA|XOM|UHS|SLB|ORLY|TJX|ZBH|RTX|VLO|LVS|SGI|SCHW|TSCO|STRL|TRGP|WTW|SO|TRV|TW|VNOM|SYK|TPR|UEC|SCCO|UNM|URI|BG|XEL|SMCI|WYNN|WWD|WMB|YUM|FLS|VRSN|VTRS|SBUX|SW|VICI|WAB|VRT|XYL|WAT|SPXC|TXT|WTRG|WRB|TKR|TMHC|TEX|SCI|WPC|T|STT|SPG|SFM|SANM|SEIC|VZ|STLD|TOL|V|THC|TAP|RVMD|USFD|TMUS|TT|UNH|USB|TMO|WCC|WMT|VTR|WBS|VST|VMC|UGI|VNT|TTMI|STAG|SNX|STE|UMBF|RVTY|SRE|TECH|SF|KNX|WDAY|SYF|TXN|TGT|WEC|VOYA|SLAB|SUI
2023-01,-1.5339,-1.9195,0.3855,URI|STLD|LVS|ULTA|STRL|TKR|SOFI|WFRD|TMHC|T|STT|TPR|SGI|SPXC|SITE|TIGO|SAIA|TOL|TEX|WYNN|SPOT|SCI|SBUX|W|VRTX|KNX|TW|WDC|FLS|WAL|UHS|SCCO|UMBF|USB|SSNC|VTR|WBD|WPC|SPG|WTW|SNPS|V|SF|TJX|USFD|XPO|WCC|SWKS|XOM|SLB|VNT|VLO|SUI|TOST|VRSN|WBS|SEIC|UBER|SPGI|YUM|TER|XYZ|VTRS|SLAB|Z|VICI|THC|WAB|STE|WY|VOYA|TXT|UAL|ZBH|TSCO|WELL|TFC|WING|TT|RYN|STAG|WSM|VZ|SJM|TMUS|UDR|TRU|WFC|UNM|TKO|TGT|UEC|VMC|TTEK|TSLA|SANM|ZBRA|TXRH|TRV|SYK
2023-02,-2.983,-2.0903,-0.8927,TEX|WFRD|URI|STRL|SGI|SMCI|VNT|WCC|STLD|UNM|UAL|WYNN|WST|TOL|VRT|ULTA|LVS|SATS|TKR|TMHC|WING|WBD|VOYA|TIGO|SCCO|TT|SLAB|SNPS|TSCO|RVMD|TPR|WAB|FLS|WDAY|STT|TWLO|TSLA|SYK|UBER|SITE|THC|UMBF|TKO|TTC|SWKS|SAIA|UNP|SF|TGT|SPOT|SOFI|TRGP|ZTS|SLB|XYZ|WBS|VICI|ORLY|USB|WFC|SPXC|TXRH|SSNC|WAL|TAP|ZBH|TTD|SANM|WELL|TXT|V|TRV|T|USFD|SPG|VMC|SJM|TW|UPS|SBUX|XOM|UDR|TER|SEIC|VLO|RSG|YUM|KNX|TEAM|Z|SSB|WPC|VTR|ZM|RTX|TFC|TXN|SYF|WWD|XYL
2023-03,-0.3267,-0.0102,-0.3165,TKO|ULTA|TMHC|TW|TXRH|VNT|WYNN|WDAY|SYK|SNPS|TXN|WING|WST|VRTX|SPOT|WMT|LVS|SCCO|TOL|SBUX|SMCI|VLO|TPR|SJM|SGI|WCC|UPS|VRSN|YUM|WM|T|WFRD|SANM|V|ORLY|TJX|TKR|SFM|VRSK|RSG|FLS|ZBRA|VOYA|SCI|TYL|APP|XOM|ZBH|VEEV|Z|SWKS|SPXC|VICI|TSLA|TSCO|SLAB|XYL|TIGO|THC|STLD|TER|URI|SNX|WDC|TEX|TT|WBD|STRL|SNOW|TMO|TEAM|UAL|TMUS|TGT|SOFI|STAG|TTD|TTEK|SO|SYY|VRT|WAB|TTC|USFD|WWD|KNX|WELL|SAIA|TTWO|WPC|TRGP|SITE|SLB|STZ|WEC|SEIC|UBER|SRE|ZTS|UDR
2023-04,-0.1435,-0.3203,0.1769,TMHC|WING|SBUX|YUM|THC|ORLY|TOL|UHS|TAP|RSG|LVS|ZBH|VRTX|ULTA|SYK|XPO|TKO|TYL|WFRD|SPOT|SAIA|VRT|SO|VRSN|TXRH|WM|WST|XOM|WELL|WYNN|TT|WMT|SITE|VICI|VOYA|SFM|VNT|SHW|SJM|UNM|TTD|TRU|V|VTR|ZTS|SMCI|SPGI|TSCO|APP|SWK|TJX|TTWO|SOFI|STRL|USFD|SSNC|VRSK|SCCO|XYL|TRV|SNPS|XEL|SEIC|VZ|TRGP|SGI|XP|UMBF|VMC|SCI|FLS|WCC|WEC|TSN|TEX|STZ|VST|STAG|RTX|SPG|KNX|UNH|UBER|SRE|Z|ZWS|RVMD|TKR|UDR|SNOW|VEEV|WMB|SYY|WWD|VNOM|TMUS|TOST|TPR|WSM|TROW
2023-05,9.6912,9.3261,0.3651,SMCI|SNPS|VRT|TOL|STRL|WDAY|VRSK|VNT|SPOT|TTD|TEAM|SOFI|TWLO|VRSN|TTWO|TYL|STZ|VMC|APP|XP|UBER|ZS|TAP|TMHC|XPO|TSLA|TTMI|WING|TRU|TOST|THC|TER|SPXC|SPGI|STAG|ORLY|WMS|TXN|WDC|TKO|RSG|W|USFD|SAIA|SYK|Z|WMT|SNOW|WM|UHS|WWD|SFM|SWKS|SYF|ZWS|VRTX|WCC|STE|TXRH|BG|RVMD|UNH|UAL|WST|ZBH|VST|YUM|TECH|SO|TJX|SANM|ZM|SW|UNM|SMTC|GEN|KNX|WAL|SHW|SLAB|WELL|V|SJM|XEL|TROW|LVS|VEEV|XYL|ZION|TPR|SPG|WTRG|STT|SCHW|VICI|SCCO|TTEK|WFRD|TEX|TFC
2023-06,3.8294,5.057,-1.2276,XPO|VMC|UHS|URI|TOL|THC|VRT|UAL|STRL|TKR|SYK|TEX|SITE|TYL|SAIA|SHW|RSG|TJX|WAB|W|TMHC|USFD|TKO|VNT|ZBH|STE|WST|SPGI|Z|UNM|TTWO|WY|WM|TTD|SPOT|VST|WMT|WCC|WFRD|SMCI|WDAY|WMB|TT|UBER|ORLY|WWD|TRU|SPG|WMS|ZWS|VRSK|VRTX|XYL|FLS|SSNC|SYF|V|SPXC|XP|SWK|SANM|TSLA|TTEK|TER|TRGP|APP|TAP|SFM|YUM|SGI|STLD|STAG|VRSN|TOST|STZ|WING|WELL|RVMD|SOFI|SNPS|TXRH|WFC|UDR|SEIC|VTR|WTW|SLB|WSM|SWKS|TXN|UEC|TRMB|SMTC|ZS|ZTS|ZBRA|XOM|TTMI|TECH|VOYA
2023-07,-1.2125,-1.8022,0.5898,WFRD|SAIA|SOFI|WAB|XPO|SCCO|UBER|TW|SHW|SMCI|TTD|TXT|ZWS|UNP|TT|BG|WDAY|APP|STRL|W|STZ|SLB|XP|TAP|TJX|VLO|WMT|TRGP|WMB|VST|SW|SFM|WSM|VRT|SPG|UNM|KNX|WBS|URI|SWK|SGI|TTWO|XYZ|ZTS|WWD|SITE|TROW|TOL|SATS|WDC|ZION|SANM|SSB|WMS|Z|WAL|SEIC|VRSK|TKR|TRU|VMC|USB|WFC|SNPS|ZS|TTEK|SPXC|WY|SCHW|FLS|UPS|UEC|SMTC|XYL|VTRS|RSG|UMBF|RYN|TMHC|TER|TTMI|WCC|STE|UAL|ZM|WRB|TEAM|SF|TLN|SWKS|USFD|TEX|SNX|TSLA|TPR|GEN|VRTX|TWLO|TSCO|LVS
2023-08,-4.7248,-4.896,0.1712,TJX|VRT|VST|VRSK|TRGP|WFRD|APP|WDAY|STRL|RVMD|WWD|WST|SFM|TW|XPO|SITE|SGI|WMT|VNT|UEC|TT|BG|WDC|TOL|V|STE|UBER|FLS|SNPS|SAIA|ZTS|TRU|SF|THC|SPOT|SLB|TSLA|VEEV|TXT|URI|UNM|XOM|STAG|SEIC|SNX|TMHC|WMS|ZWS|SW|TEX|VMC|WELL|SHW|TTD|TEAM|SWK|TTMI|ZS|WSM|STLD|TLN|SCCO|WAB|WMB|WCC|SMCI|Z|TER|TMO|SYK|TYL|VLO|ORLY|SOFI|TAP|STZ|TSCO|UHS|SPGI|SPG|WYNN|SSNC|XP|TRMB|VTRS|TTC|VRTX|GEN|SWKS|W|WY|TTWO|VZ|WRB|SSB|SJM|TTEK|ZM|UNP|XYL
2023-09,-4.9147,-5.1833,0.2686,SFM|WSM|XPO|XOM|VST|UEC|WDC|TRGP|FLS|SMCI|SNPS|VLO|WFRD|TXT|APP|VRT|WING|SAIA|STRL|TT|STLD|SN|UBER|WRB|SITE|SLB|TJX|ZWS|WMB|UNM|VNT|TRMB|UNH|TEAM|VRSK|SPXC|WWD|BG|SNX|SGI|TAP|WMT|VEEV|SPOT|TTD|TW|VTRS|WELL|TTWO|URI|ZS|SOFI|WAL|TER|SEIC|ZION|VRTX|SCCO|TEX|WAT|VNOM|WBS|SANM|TMUS|TLN|WST|ZM|TYL|WAB|Z|TSLA|SHW|SMTC|SW|STZ|SF|XP|TKR|W|T|UMBF|ZTS|WMS|TOL|VRSN|STE|USFD|TTMI|STAG|VMC|SWKS|TIGO|TTC|UNP|WTW|TTEK|SWK|TRV|WFC|SNOW
2023-10,8.7084,10.1893,-1.4808,TW|UEC|WTW|XPO|UNH|VZ|WRB|WFRD|VST|WM|WMT|VRT|SPOT|RSG|ORLY|SNPS|STRL|RTX|TMUS|SFM|WMB|WWD|STLD|UNM|TIGO|BG|WING|SWK|TXRH|WAB|WELL|T|SYK|TJX|USFD|TRGP|VRTX|TXT|WDAY|WSM|TRV|SO|V|ZWS|APP|SPG|SN|SPXC|TLN|SBAC|TKO|TOL|TT|UBER|TYL|SGI|VNT|SOFI|LVS|UNP|STAG|XYL|SRE|ZS|FLS|VRSK|VLO|UHS|VNOM|SW|UMBF|XEL|SLB|TTEK|VTR|W|URI|SYY|SCCO|VOYA|SNX|YUM|SHW|SCHW|VEEV|TEAM|TFC|SSNC|SUI|SITE|WDC|XP|SPGI|XOM|VMC|SAIA|TAP|TMHC|WEC|SSB
2023-11,7.2368,9.3789,-2.1421,WDAY|WSM|TW|ZS|UBER|SNPS|RSG|SNOW|WING|TTWO|SPG|SPOT|WRB|STLD|GEN|V|VZ|UEC|VNT|VST|WMB|UNH|USFD|VRT|TMUS|TOL|WFC|WWD|TXRH|SPGI|SBAC|TRV|SHW|XYZ|STT|WELL|WBS|XPO|SUI|T|WDC|WTW|TRGP|TWLO|W|SCHW|WAB|VNOM|TLN|XYL|WPC|SO|WM|ULTA|UNP|SYK|THC|TT|SFM|UMBF|USB|SN|URI|VTR|TGT|SSNC|VRSK|TIGO|WCC|WMS|SYF|SWK|WAL|VOYA|SYY|TAP|TTMI|TFC|ORLY|XP|ZWS|TEAM|SPXC|TMHC|VLTO|STAG|UHS|BG|SSB|SW|KNX|TYL|TSLA|VMC|TPR|ZM|ZBH|RYN|ZBRA|VRSN
2023-12,-1.2198,-0.2355,-0.9844,STRL|SPXC|TXRH|TMUS|RSG|VST|SPGI|SHW|SOFI|WMS|URI|WAB|UNP|STAG|SF|TEAM|ZS|SCCO|ZTS|TOL|WING|TMHC|TRV|TWLO|TJX|WY|UBER|TT|WDC|SSNC|SPG|SFM|Z|WDAY|VRTX|USFD|SATS|XYL|SGI|WAL|SNX|SW|VTR|V|TLN|WFC|XP|VMC|WSM|SWKS|SNOW|SWK|VTRS|VRT|UMBF|XYZ|WM|STT|TIGO|TER|SYF|VICI|UHS|FLS|WCC|WBS|USB|WFRD|TFC|RYN|SSB|ZBRA|ZION|TXN|SEIC|WAT|WWD|VNT|GEN|TSN|ULTA|THC|TTMI|SCHW|TTWO|TGT|SUI|UDR|RVMD|VOYA|SCI|WPC|TYL|SN|SAIA|SYK|WELL|SBAC|TPR|ZBH
2024-01,7.2831,6.608,0.6751,SMCI|VRT|SYK|URI|WRB|RSG|WAB|VST|WM|V|SPOT|SYY|TXRH|WDC|WING|VZ|TEAM|SPGI|WST|TT|UBER|TRV|VLO|THC|SFM|UHS|ORLY|UNM|SF|VRTX|TEX|WDAY|TXT|SANM|T|WFC|RTX|USFD|ZS|UEC|TLN|SYF|TMUS|ULTA|WWD|ZWS|TTWO|SPXC|VTRS|UNP|ZBH|GEN|TJX|TPR|STLD|SHW|SW|VMC|WMT|Z|TKR|TOL|WCC|SNPS|XYL|SAIA|SGI|UMBF|SSB|TMHC|TSN|WAL|TW|TSCO|SJM|VEEV|SSNC|VNT|TMO|XPO|SPG|SNOW|VRSK|TAP|WAT|TYL|TFC|APP|WMS|VNOM|VOYA|WMB|FLS|WSM|SO|KNX|ZTS|STE|WBS|TRGP
2024-02,4.4821,4.6914,-0.2093,SFM|VST|STRL|WSM|WING|VMC|SPXC|WFC|WAB|VNT|APP|TOL|SHW|SPOT|TLN|TSCO|RSG|WMT|URI|ORLY|VRT|TXRH|USFD|UBER|XYL|TRGP|UHS|WM|TT|SGI|SAIA|SYF|XYZ|VNOM|THC|VEEV|STLD|TXT|WMS|SYK|TRV|ULTA|YUM|WDC|TOST|TW|SCI|XPO|TJX|V|TTD|TIGO|TRMB|UNP|TPR|UNM|WRB|TRU|FLS|SYY|TGT|SMCI|WTW|TMHC|RYN|TMUS|SF|WWD|SN|ZS|WAT|SPG|WYNN|VLTO|TTEK|SEIC|W|ZM|SUI|SSNC|TKR|WMB|LVS|TMO|SOFI|STE|TROW|WY|ZTS|SCHW|WELL|VTRS|SANM|VLO|TYL|WDAY|ZWS|SNX|Z|SNPS
2024-03,-3.4866,-4.3176,0.831,WWD|WDC|STLD|RSG|SEIC|WMB|UNM|WSM|WRB|TLN|VST|TRGP|TXT|TRV|UHS|SPXC|TOL|SCCO|VNOM|WM|THC|SFM|SNX|RTX|VNT|VRT|TMHC|STZ|FLS|WAB|SHW|SN|TGT|WING|TRMB|XOM|TIGO|SYF|VLO|SPOT|SCHW|SMTC|SGI|TROW|USFD|WFC|TT|TXRH|SF|APP|SW|TJX|SPG|TAP|SYK|URI|VMC|TSN|VZ|UMBF|STRL|ZWS|WMS|W|TFC|TEX|TSCO|XYL|WY|TOST|ZBH|ORLY|WFRD|USB|TTD|TTEK|STT|SCI|SO|SWK|WMT|YUM|VEEV|TMUS|TRU|TPR|WTW|ZBRA|VOYA|SSNC|BG|UAL|SAIA|SMCI|ZION|SLB|WAL|XPO|T|SYY
2024-04,5.1958,4.0459,1.1499,WAB|VRT|TT|TSCO|SMTC|THC|WWD|SCCO|VST|TLN|TYL|SYF|WFRD|SF|TXRH|TTEK|RVMD|SNX|WELL|WING|ZBRA|RSG|TER|FLS|SFM|RTX|WDC|SCHW|TRGP|TSN|TKR|SN|SO|TXN|TMUS|TIGO|UHS|XYL|YUM|SPXC|VLTO|WFC|WM|UAL|WMB|APP|SMCI|SATS|TOST|UDR|WSM|VNOM|WMT|STRL|XOM|TOL|TSLA|SPOT|SWKS|VNT|TTD|TRMB|URI|SYK|TRU|UGI|SCI|TKO|VMC|TTMI|TW|VTRS|T|WMS|UNM|BG|SSNC|SANM|VLO|USFD|WEC|TMHC|SW|UNP|TPR|TFC|WTRG|TGT|SEIC|SRE|XPO|TRV|VTR|SWK|TMO|SPG|XYZ|SGI|UEC|ZWS
2024-05,-1.5416,-0.8582,-0.6834,TMUS|WELL|TIGO|TXRH|RTX|UHS|T|WWD|SNX|WMT|TLN|THC|VST|TJX|WMB|SO|SW|TSCO|VRTX|FLS|VTR|TKO|TRGP|TER|WAB|VOYA|SFM|UNM|TTWO|SN|VNOM|SANM|WDC|XYL|VRSK|GEN|TXN|BG|SATS|VZ|SPXC|TT|APP|XOM|VRT|SRE|SPG|TTMI|WMS|SMTC|TTEK|WAL|VLTO|SF|WFC|WM|WSM|TYL|SCCO|ZION|SYK|SCHW|RVMD|WCC|TROW|WRB|WFRD|STRL|SYF|TTD|TW|SPOT|TGT|TRV|UAL|TPR|USFD|STT|UGI|VLO|ZBRA|TFC|WTRG|SEIC|UEC|UDR|TOL|TMHC|SAIA|RSG|XEL|TXT|STLD|TEX|SGI|YUM|SCI|WTW|RVTY|UMBF
2024-06,4.6042,5.4734,-0.8691,TRGP|T|WELL|SFM|WMB|SF|TJX|WMT|SYF|RSG|TYL|TTMI|VRSK|VRTX|WING|VTR|TIGO|TMUS|TER|WM|SPGI|SPXC|WFRD|TKO|TXRH|APP|UDR|THC|TFC|TT|WFC|VZ|SPG|RVMD|UBER|SRE|UNH|TXN|GEN|SO|FLS|TOST|ZION|SPOT|SNPS|TSLA|TTD|ZS|VNOM|TLN|WAL|XOM|VLO|SN|UMBF|WDC|SCHW|SWKS|VIK|WTW|BG|ZBRA|STRL|TTEK|VST|UHS|TEAM|WWD|SATS|TW|SAIA|TSN|SANM|STAG|SSNC|WAB|ORLY|XYL|USFD|SUI|ZTS|UNM|TSCO|STT|WBS|SSB|TPR|RTX|SMCI|XPO|SLB|TTC|STLD|USB|VICI|WTRG|SW|URI|KNX|SYK
2024-07,2.2633,1.9814,0.2819,UHS|SFM|RTX|TYL|SSNC|TOL|THC|WTW|UMBF|SCI|WELL|TFC|WAL|ZBRA|SSB|SHW|VLTO|TRU|UNM|URI|SO|SWK|VTR|TRGP|ORLY|TMHC|SF|VNOM|TMO|RVTY|SANM|STAG|SPOT|SPGI|ZION|VMC|STT|UNH|WAT|TW|SRE|VRTX|SYF|WMS|VICI|T|TJX|TXN|WEC|SN|TTEK|TXT|TMUS|SBAC|USB|XEL|TECH|KNX|VTRS|STE|VFC|FLS|SPG|SUI|TXRH|RVMD|WMB|TLN|VLO|WBS|XPO|GEN|UNP|USFD|TSN|TKO|TEX|VRSN|WY|SATS|WRB|WTRG|SYY|TRV|SPXC|XOM|ZWS|WMT|WSM|TT|SEIC|WCC|TIGO|STLD|SWKS|SOFI|SGI|WAB|SNX|UGI
2024-08,2.7278,3.8071,-1.0794,USB|VTR|SPGI|RTX|WMT|SMTC|SN|WELL|UDR|UHS|STT|TRGP|TSN|VICI|WTW|SHW|SFM|SSNC|TMUS|THC|TLN|VEEV|GEN|TYL|VNOM|UNP|TT|WRB|UMBF|WEC|XEL|WMB|SPG|VLTO|SPXC|USFD|SSB|SRE|TFC|SYK|RSG|TTEK|TXN|APP|TRV|T|SYF|WAL|TRU|TW|UNH|WDAY|SUI|SO|VRTX|WAB|SCI|TOL|TMHC|TJX|ZM|SOFI|ZION|SOLV|VFC|SW|STAG|ORLY|ZS|SF|VTRS|WAT|SWK|UNM|SPOT|VZ|VRSK|SBAC|TKO|STE|TMO|TTWO|SYY|SBUX|TTD|ZBRA|URI|FLS|Z|V|TXT|WFC|WPC|VRT|RVTY|TIGO|XYL|ZWS|WWD|UBER
2024-09,0.219,0.3971,-0.1781,VST|WAB|APP|TPR|LVS|SN|SCCO|XEL|TT|UAL|T|SF|UNM|WEC|WMT|TLN|TW|SPOT|ZWS|URI|VRT|ZBRA|VOYA|FLS|WYNN|VTR|TSCO|WAT|TRU|TKO|WELL|STRL|TMUS|SO|TRMB|SWK|SRE|SHW|GEN|VZ|TOL|SFM|USFD|VFC|TSLA|TOST|RYN|YUM|WAL|WY|SMTC|SPG|WTW|SW|STT|WPC|ORLY|UGI|RVTY|ZTS|TMHC|RVMD|SATS|Z|RTX|VICI|WSM|SGI|TTEK|SBAC|TXRH|SPGI|UDR|TIGO|W|UMBF|TECH|UNH|THC|SYY|TTD|UEC|VLTO|TWLO|USB|WMB|SOLV|SSNC|TAP|TRGP|VRSN|SNX|TMO|SPXC|TRV|SCI|STE|UHS|STLD|SSB
2024-10,13.042,10.352,2.69,SFM|TWLO|TXRH|UAL|UNM|APP|RVMD|TTMI|WELL|XPO|WCC|SEIC|GEN|ZBRA|XEL|SOFI|SW|STT|SCI|SF|SAIA|WMB|UMBF|TTD|TPR|T|VMC|WTW|TOST|VFC|SPOT|TRGP|WFC|WAB|V|SYF|ZM|TMUS|VNT|ZION|VTR|USB|TTWO|WM|VNOM|SANM|VRSK|WBS|WMT|VIK|USFD|STRL|TLN|TYL|SCHW|VOYA|XYZ|TTEK|ZWS|URI|FLS|VRT|LVS|VST|SOLV|TEAM|SMTC|TSLA|TW|TRV|SPG|TIGO|SYK|SO|SSB|THC|SATS|SBUX|WEC|STLD|TMHC|TXN|TRMB|Z|TECH|WAL|WDC|UEC|TKO|TT|TFC|SRE|VZ|TRU|WWD|TROW|VRTX|ORLY|RTX|SNPS
2024-11,-7.2463,-7.0906,-0.1558,SMTC|UGI|TPR|WMT|SOFI|TJX|SFM|SEIC|TMUS|WTW|SPOT|GEN|UNM|TKO|SCI|VRSK|Z|USB|USFD|TOST|SPG|STT|TXRH|APP|RSG|ZBRA|TOL|WRB|SCHW|WFC|XEL|V|UAL|WAB|WM|SYF|TYL|SNOW|TROW|FLS|WSM|T|UMBF|ZION|WEC|XPO|ORLY|TRGP|SSB|SAIA|VZ|ZWS|ZM|SYK|TRV|TWLO|SF|VST|WWD|SRE|TTWO|SHW|WMB|TRMB|TW|TEAM|WDC|STRL|VIK|VMC|TTMI|KNX|TFC|RVMD|TT|URI|WBS|SSNC|SPXC|WBD|WCC|SPGI|SGI|TMHC|UDR|TLN|SW|TSLA|TSN|WELL|WAL|TTD|VTRS|VNOM|LVS|SBUX|VEEV|XYZ|TAP|SANM
2024-12,6.4836,5.4397,1.0439,VRSN|TPR|TKO|TWLO|SEIC|V|STT|UAL|ULTA|WMT|TTMI|TTWO|WSM|TSLA|UNM|UGI|SOFI|SMTC|SYF|SGI|APP|TRGP|WMB|SPOT|USFD|SRE|SF|TRMB|WBD|ZION|SW|WFC|VNOM|WTW|TLN|FLS|T|SSNC|VFC|TOST|WBS|TMUS|XEL|SLAB|TIGO|TW|ZM|ZBRA|SANM|VST|TJX|USB|SPG|VTRS|SFM|TEAM|WRB|SCHW|TER|UMBF|WELL|WAB|ZWS|WCC|STRL|XPO|TFC|TRV|SSB|XYZ|TXRH|WST|Z|SN|WAT|VIK|VRT|WEC|VTR|VRSK|SATS|SPGI|SBUX|WAL|SCI|SYY|ORLY|SYK|GEN|RVMD|UDR|LVS|RTX|RSG|SNOW|SNX|WDAY|VMC|TGT|VNT
2025-01,-1.7552,-2.2094,0.4542,TWLO|SPOT|V|SFM|SBUX|TEAM|SGI|WMT|VFC|ORLY|RTX|T|SSNC|TKO|SEIC|RSG|WTW|WFC|SCHW|TMUS|UGI|SNX|USFD|TOST|TPR|VIK|ZM|ZWS|UNM|SYK|SPGI|WSM|WEC|WAB|VRSN|TMO|TJX|STT|VRSK|SATS|Z|WAT|SF|APP|UAL|WELL|WM|SN|SANM|FLS|TFC|SNOW|SYF|WWD|VEEV|RVTY|TRU|TRGP|TRMB|WBS|XEL|UNP|XYZ|SOLV|SSB|VNT|TYL|VST|ZS|SMTC|WBD|TTWO|UMBF|TIGO|VMC|VRTX|TROW|TSLA|SOFI|THC|SLAB|TKR|ZION|KNX|TLN|STE|SHW|WRB|TRV|WY|TTMI|SW|STLD|WMB|TOL|VTR|SPG|SCI|VLTO|WDAY
2025-02,-5.0524,-5.8001,0.7477,T|RSG|VTR|SATS|V|WELL|UGI|UNM|WPC|VRSN|ORLY|WEC|RTX|SBUX|TMUS|SSNC|SOLV|YUM|WTW|XEL|TPR|SO|WBD|WM|VICI|SUI|SPOT|TTWO|UDR|SPG|WMT|VZ|TAP|WRB|TSN|TRV|VRSK|TW|USFD|WTRG|XYL|VFC|SPGI|WWD|WFC|TJX|SGI|SBAC|WMB|SYY|SNX|TXRH|TRGP|STAG|STT|VRTX|SYK|SFM|TEAM|SJM|TIGO|TXN|TWLO|STLD|SCI|SHW|TFC|TRMB|WSM|TKR|WAT|UNP|SEIC|SLAB|TKO|TOST|TYL|WYNN|SN|WDAY|Z|USB|SCHW|STRL|XOM|VIK|UBER|WAL|GEN|SOFI|SNOW|SANM|SPXC|SF|VEEV|APP|STE|SSB|ZION|TLN
2025-03,-1.7448,-1.8696,0.1248,WRB|TW|VRSN|ORLY|T|RSG|TIGO|WEC|TSN|SO|WELL|XOM|VZ|TMUS|WPC|TRV|SFM|VTR|VICI|V|WM|YUM|UGI|VRSK|XEL|WTW|SJM|WTRG|WMB|UDR|RTX|UNM|TRGP|THC|SGI|SSNC|TKO|TTWO|STE|STAG|UNH|ZBH|RYN|SOLV|VRTX|UHS|SBUX|TAP|SBAC|TJX|WBD|SPGI|SPOT|SCHW|SCI|TSCO|SYY|WWD|SLB|VNOM|TYL|WMT|VLO|SEIC|SYK|USFD|SHW|VEEV|WFC|SUI|UBER|SPG|TLN|SRE|WAT|TSLA|BG|ZS|TPR|SANM|TWLO|UNP|STLD|SATS|WAB|WBS|ZION|APP|VST|SNDK|ZTS|SW|TFC|ULTA|WING|SSB|WAL|WY|Z|TEAM
2025-04,7.1498,6.8489,0.3009,VRSN|TIGO|TTWO|RSG|VRTX|SBAC|XP|WRB|WELL|SFM|TKO|ZS|SPOT|TT|T|VTR|THC|UBER|WM|ORLY|WTRG|WEC|UGI|WPC|WWD|RVMD|STRL|TJX|WMT|YUM|V|VZ|TPR|SO|TRV|SOFI|SPGI|VEEV|SEIC|TEAM|TSLA|TW|TWLO|SCHW|VST|VMC|TLN|VRSK|ZM|ZWS|APP|XEL|SNOW|SHW|XYL|WDC|WFC|SYK|WING|WMB|STLD|ULTA|GEN|RTX|TOST|VICI|VRT|Z|UNM|STT|USFD|TTMI|WDAY|SNPS|VLTO|TRU|STE|SGI|WAB|SUI|WCC|WAT|TSN|SJM|SRE|UDR|UHS|SSNC|SANM|SYF|URI|SPG|SCI|SWKS|XPO|TXT|TRMB|WMS|SMTC|WSM
2025-05,4.8005,4.9988,-0.1983,ZS|VEEV|ULTA|USFD|TIGO|WRB|THC|SNOW|UGI|XP|WWD|RSG|TT|WING|APP|SFM|TTMI|STRL|SCHW|WM|TXRH|TSLA|TWLO|TRV|WELL|WMB|V|VRSK|STE|SEIC|VST|TLN|SPOT|WAB|WDC|RTX|W|UEC|WPC|WBD|SRE|GEN|VRSN|T|ZM|VRT|TOST|WMT|TTEK|TRMB|WEC|SANM|TPR|ZWS|STAG|UNM|WTW|STT|ZTS|VZ|URI|TW|SGI|SO|SBAC|UAL|TTWO|WFC|UHS|SPXC|TKO|VMC|XYZ|SHW|SSNC|TTD|VIK|VLTO|UBER|LVS|TEX|USB|SYK|VICI|VTRS|SOLV|WYNN|SPGI|SYF|SUI|TTC|TYL|XYL|ORLY|TXN|TJX|SOFI|VNT|WBS|XEL
2025-06,4.5991,3.2554,1.3437,SOFI|TTMI|SANM|STRL|SPOT|STT|SNOW|VST|TKO|TLN|VIK|ZS|WDC|SNX|TPR|VRT|WWD|UBER|SPXC|VRSN|SEIC|SYF|WFC|SCHW|XP|WMB|TWLO|TIGO|SLAB|UGI|WBD|SMCI|TTWO|VEEV|SMTC|TT|TRMB|SYK|TOST|SGI|SATS|WAB|THC|URI|T|RTX|W|SF|FLS|ULTA|TXN|USFD|TFC|USB|UEC|TW|TXT|SCCO|SNPS|ZION|SN|WMT|XPO|GEN|LVS|WYNN|YUM|SO|SCI|XYL|WCC|VICI|SPGI|SSNC|V|SSB|XYZ|ZWS|WBS|SOLV|SBAC|VRSK|VOYA|WAL|TMHC|WRB|VLTO|TOL|WELL|UMBF|TTEK|VNT|SYY|ZBRA|TMUS|SFM|STE|TYL|VMC|APP
2025-07,2.6637,4.1381,-1.4745,TLN|WDC|SANM|ZWS|VRT|TTMI|STRL|SOFI|SCHW|WELL|SPXC|SF|VST|TRMB|LVS|VIK|USFD|SMCI|TPR|RTX|ULTA|W|SNPS|XYL|SPGI|WING|TOST|URI|WBD|STT|VNT|SRE|APP|WWD|ORLY|WSM|UEC|XEL|SYY|SNOW|SSNC|WYNN|TER|TIGO|WCC|SNX|Z|SITE|FLS|SN|VLTO|UGI|SATS|SMTC|VTR|ZBRA|SGI|SO|XYZ|TTD|SYF|TWLO|WPC|WEC|UMBF|ZS|WTW|TT|TYL|UAL|VMC|TSCO|WMB|VEEV|WMT|TRU|TMO|SYK|SEIC|THC|WFC|TW|XOM|WBS|SUI|WM|TXRH|SNDK|SAIA|GEN|TEX|TKR|WFRD|BG|TROW|TKO|ZION|TTEK|WST|VZ
2025-08,3.4487,2.4807,0.9681,WYNN|SATS|LVS|TIGO|SNOW|URI|SOFI|SYF|WDC|VIK|SMTC|APP|SGI|ZION|WPC|VLO|ORLY|UEC|SPG|WBS|WELL|TJX|UAL|SNDK|TFC|TLN|T|USB|TSCO|WCC|TKO|WFC|UMBF|STT|VFC|WAL|ZWS|RTX|SSB|VMC|VNT|XOM|TOL|WFRD|SSNC|TER|THC|W|SF|SANM|XYZ|VICI|TTMI|VTR|WMS|TTC|VTRS|SN|VOYA|SNX|TPR|XP|SLB|TTWO|Z|STRL|SW|ZM|ZBH|SCHW|SYY|XYL|TMUS|WTRG|SRE|WWD|TROW|STAG|UBER|SPGI|SITE|VZ|SPXC|RYN|SNPS|TMHC|TOST|ZS|TXN|VRSN|ULTA|TRMB|SWKS|STE|WRB|WSM|XPO|TRGP|TMO|VST
2025-09,2.3579,0.6295,1.7284,WDC|XEL|SNX|APP|TJX|WMB|TTMI|TSLA|SCCO|WELL|SRE|SMTC|SPG|RTX|VMC|TTWO|WEC|SNDK|VLO|ORLY|WRB|W|UEC|WBD|VRT|THC|ULTA|TER|WPC|RVMD|VEEV|WYNN|WTW|VTR|TKO|WWD|TLN|UHS|XYL|STRL|STT|SO|TPR|ZWS|WTRG|ZS|SATS|WFRD|UNP|VIK|WMT|SGI|SCI|TRV|TXT|STLD|URI|TIGO|SSNC|SCHW|SOFI|UBER|RYN|WST|WFC|SYY|LVS|SMCI|YUM|UNM|WAB|TRMB|WSM|TT|WCC|USB|TOL|SF|SPXC|TFC|SNOW|VNT|VICI|SANM|VZ|ZION|VLTO|STE|UMBF|ZM|TMO|SUI|WDAY|VST|XOM|VTRS|TECH|VRSN|SPOT|USFD
2025-10,1.5112,2.1949,-0.6837,TER|W|WDC|WCC|SPXC|FLS|TTMI|WBD|SNOW|RVMD|SNDK|SCCO|UHS|VRT|VTR|ZS|RTX|WELL|WFRD|XYL|STLD|XEL|TWLO|UPS|SOFI|XPO|LVS|UEC|TT|TSLA|WFC|STRL|VLO|TMO|SRE|ZM|SANM|ZWS|WAB|THC|APP|STAG|TIGO|SF|SWKS|SCI|SYF|TTWO|BG|WAT|SATS|UBER|WWD|STT|XP|SNX|VTRS|WST|SLB|TKR|SMTC|WSM|VIK|TJX|XOM|TKO|SSNC|VOYA|TFC|SHW|SUI|SPG|SITE|SCHW|ULTA|TLN|VEEV|WEC|TECH|WMS|TEAM|WPC|WBS|KNX|SMCI|WYNN|VMC|TRV|UGI|ZBH|TOL|TRMB|TPR|WDAY|TXT|STE|WTRG|SPOT|UNP|VRTX
2025-11,0.0965,0.1614,-0.0649,UGI|WWD|WELL|TJX|SOLV|UHS|RVMD|VTR|LVS|THC|WMT|VIK|STLD|WAT|W|WCC|WDC|RVTY|TMO|TIGO|WBD|SMTC|SGI|TRV|ULTA|STE|VFC|TTMI|TER|STAG|USFD|XEL|SRE|SATS|FLS|ZWS|VLO|SCCO|SPXC|TECH|XP|SYF|TKR|WRB|WMS|VRT|RTX|SPG|WYNN|TKO|YUM|SANM|TPR|APP|SNDK|TSN|TWLO|STT|XPO|ORLY|SF|WPC|WFRD|SOFI|TFC|WAB|TLN|TSLA|UNP|BG|WEC|SNX|VRTX|USB|TOL|TRGP|UAL|TRMB|TTWO|WFC|WMB|SUI|ZM|WST|UPS|TXT|UEC|VMC|SNOW|STRL|WBS|SSNC|SITE|VTRS|VRSN|KNX|VLTO|SWK|XYL|WTRG
2025-12,6.0671,4.0262,2.0409,SATS|VTRS|TIGO|WBD|TPR|SCHW|RVMD|STT|USB|VIK|WFC|SYF|RTX|ULTA|XOM|TWLO|TJX|SCCO|SNDK|WDC|TFC|UAL|TKO|STLD|SPGI|TTWO|TTC|KNX|TMO|TRGP|TKR|TRV|SF|WWD|TER|WMT|UGI|TGT|SN|TSN|WBS|VTR|ZION|V|VRTX|SPG|LVS|WFRD|TXT|W|SLB|SANM|UPS|TEX|WAB|FLS|VOYA|STE|TTMI|SGI|WAT|SAIA|APP|SWK|ZM|VFC|BG|WELL|WCC|WM|WPC|YUM|SNPS|TLN|THC|SMTC|SSNC|SOLV|STRL|UHS|WMS|UDR|WRB|STAG|SPXC|WTW|VRT|SRE|ZWS|WY|SOFI|TRU|SOLS|WMB|SUI|VZ|UNM|VNOM|VLO|WTRG
2026-01,7.464,3.8988,3.5652,WDC|SNDK|XOM|SCCO|TXN|RTX|UGI|TSN|TER|WMB|TTMI|BG|SYY|TRGP|WFRD|TIGO|WPC|VZ|TFC|USB|VNOM|UMBF|FLS|WCC|TTC|SPG|T|SSB|SCHW|SLB|ZM|TKR|WAB|VIK|STT|VTRS|SEIC|USFD|XP|WMT|SOLS|WBS|STLD|WEC|TTEK|UEC|TT|WAL|ULTA|STE|SNX|TRV|WELL|YUM|VTR|ZION|STAG|STRL|UPS|UNP|WFC|VFC|VRT|VLO|SUI|WWD|ORLY|SATS|RVMD|XPO|VRTX|STZ|SJM|SMTC|SHW|VOYA|WBD|TPR|KNX|TXT|SBUX|TOL|WY|RVTY|WMS|WSM|TGT|XEL|SN|WM|SITE|TKO|SYK|SWK|SPXC|SPGI|SO|TEX|UDR|TJX
